order_id,order_date,customer_id,customer_name,customer_city,product_id,product_name,category,quantity,unit_price,discount,payment_method,order_status,rating
1001,2026-01-05,C001,Rahul,Bengaluru,P101,Wireless Mouse,Electronics,2,799,5,Credit Card,Delivered,4.5
1002,2026-01-06,C002,Priya,Hyderabad,P102,Bluetooth Headphones,Electronics,1,1499,10,UPI,Delivered,4.2
1003,2026-01-07,C003,Arjun,Chennai,P103,Mechanical Keyboard,Electronics,1,2499,8,Debit Card,Delivered,4.6
1004,2026-01-08,C004,Sneha,Mumbai,P104,USB-C Cable,Electronics,3,499,5,UPI,Delivered,4.1
1005,2026-01-09,C005,Vikram,Delhi,P105,Smart Watch,Electronics,1,3999,12,Credit Card,Delivered,4.4
1006,2026-01-10,C006,Ananya,Pune,P106,Running Shoes,Footwear,1,2999,10,UPI,Delivered,4.5
1007,2026-01-11,C007,Kiran,Bengaluru,P107,Backpack,Bags,2,1299,5,Debit Card,Delivered,4.0
1008,2026-01-12,C008,Meena,Kolkata,P108,Office Chair,Furniture,1,6999,15,Credit Card,Delivered,4.3
1009,2026-01-13,C009,Rohit,Chennai,P109,Study Table,Furniture,1,5499,10,UPI,Delivered,4.2
1010,2026-01-14,C010,Kavya,Hyderabad,P110,Cotton T-Shirt,Clothing,3,699,5,Cash,Delivered,4.0
1011,2026-01-15,C001,Rahul,Bengaluru,P111,Jeans,Clothing,2,1599,8,UPI,Delivered,4.3
1012,2026-01-16,C002,Priya,Hyderabad,P112,Sports Shoes,Footwear,1,3499,12,Credit Card,Delivered,4.5
1013,2026-01-17,C003,Arjun,Chennai,P113,Water Bottle,Home & Kitchen,4,599,5,UPI,Delivered,4.1
1014,2026-01-18,C004,Sneha,Mumbai,P114,Coffee Maker,Home & Kitchen,1,2999,10,Debit Card,Delivered,4.4
1015,2026-01-19,C005,Vikram,Delhi,P115,Smartphone,Electronics,1,24999,7,Credit Card,Delivered,4.7
1016,2026-01-20,C006,Ananya,Pune,P116,Power Bank,Electronics,2,1299,5,UPI,Delivered,4.2
1017,2026-01-21,C007,Kiran,Bengaluru,P117,Laptop Stand,Electronics,1,1799,8,Debit Card,Delivered,4.3
1018,2026-01-22,C008,Meena,Kolkata,P118,Bedsheet,Home & Kitchen,2,999,5,Cash,Delivered,4.0
1019,2026-01-23,C009,Rohit,Chennai,P119,Cushion Set,Home & Kitchen,2,799,5,UPI,Delivered,4.1
1020,2026-01-24,C010,Kavya,Hyderabad,P120,Formal Shirt,Clothing,2,1299,10,Credit Card,Delivered,4.2
1021,2026-02-02,C001,Rahul,Bengaluru,P105,Smart Watch,Electronics,1,3999,10,UPI,Delivered,4.4
1022,2026-02-03,C002,Priya,Hyderabad,P115,Smartphone,Electronics,1,24999,5,Credit Card,Delivered,4.8
1023,2026-02-04,C003,Arjun,Chennai,P106,Running Shoes,Footwear,2,2999,8,UPI,Delivered,4.5
1024,2026-02-05,C004,Sneha,Mumbai,P102,Bluetooth Headphones,Electronics,1,1499,10,Debit Card,Delivered,4.1
1025,2026-02-06,C005,Vikram,Delhi,P108,Office Chair,Furniture,1,6999,12,Credit Card,Delivered,4.3
1026,2026-02-07,C006,Ananya,Pune,P101,Wireless Mouse,Electronics,3,799,5,UPI,Delivered,4.4
1027,2026-02-08,C007,Kiran,Bengaluru,P112,Sports Shoes,Footwear,1,3499,10,Debit Card,Delivered,4.5
1028,2026-02-09,C008,Meena,Kolkata,P110,Cotton T-Shirt,Clothing,2,699,5,Cash,Delivered,3.9
1029,2026-02-10,C009,Rohit,Chennai,P103,Mechanical Keyboard,Electronics,1,2499,7,UPI,Delivered,4.6
1030,2026-02-11,C010,Kavya,Hyderabad,P114,Coffee Maker,Home & Kitchen,1,2999,10,Credit Card,Delivered,4.4
1031,2026-02-12,C001,Rahul,Bengaluru,P109,Study Table,Furniture,1,5499,10,UPI,Delivered,4.2
1032,2026-02-13,C002,Priya,Hyderabad,P116,Power Bank,Electronics,2,1299,5,Credit Card,Delivered,4.1
1033,2026-02-14,C003,Arjun,Chennai,P107,Backpack,Bags,1,1299,8,UPI,Delivered,4.0
1034,2026-02-15,C004,Sneha,Mumbai,P117,Laptop Stand,Electronics,2,1799,10,Debit Card,Delivered,4.3
1035,2026-02-16,C005,Vikram,Delhi,P120,Formal Shirt,Clothing,2,1299,5,Credit Card,Delivered,4.2
1036,2026-02-17,C006,Ananya,Pune,P111,Jeans,Clothing,1,1599,8,UPI,Delivered,4.4
1037,2026-02-18,C007,Kiran,Bengaluru,P118,Bedsheet,Home & Kitchen,2,999,5,Debit Card,Delivered,4.1
1038,2026-02-19,C008,Meena,Kolkata,P119,Cushion Set,Home & Kitchen,3,799,5,Cash,Delivered,4.0
1039,2026-02-20,C009,Rohit,Chennai,P104,USB-C Cable,Electronics,4,499,5,UPI,Delivered,4.2
1040,2026-02-21,C010,Kavya,Hyderabad,P113,Water Bottle,Home & Kitchen,2,599,5,Credit Card,Delivered,4.3
1041,2026-03-01,C001,Rahul,Bengaluru,P115,Smartphone,Electronics,1,24999,8,Credit Card,Delivered,4.8
1042,2026-03-02,C002,Priya,Hyderabad,P105,Smart Watch,Electronics,2,3999,10,UPI,Delivered,4.5
1043,2026-03-03,C003,Arjun,Chennai,P108,Office Chair,Furniture,1,6999,15,Debit Card,Delivered,4.4
1044,2026-03-04,C004,Sneha,Mumbai,P106,Running Shoes,Footwear,1,2999,10,UPI,Delivered,4.3
1045,2026-03-05,C005,Vikram,Delhi,P103,Mechanical Keyboard,Electronics,1,2499,5,Credit Card,Delivered,4.6
1046,2026-03-06,C006,Ananya,Pune,P110,Cotton T-Shirt,Clothing,4,699,5,UPI,Delivered,4.0
1047,2026-03-07,C007,Kiran,Bengaluru,P102,Bluetooth Headphones,Electronics,1,1499,8,Debit Card,Delivered,4.2
1048,2026-03-08,C008,Meena,Kolkata,P101,Wireless Mouse,Electronics,2,799,5,Cash,Delivered,4.3
1049,2026-03-09,C009,Rohit,Chennai,P116,Power Bank,Electronics,1,1299,5,UPI,Delivered,4.1
1050,2026-03-10,C010,Kavya,Hyderabad,P114,Coffee Maker,Home & Kitchen,1,2999,10,Credit Card,Delivered,4.5
1041,2026-03-01,C001,Rahul,Bengaluru,P115,Smartphone,Electronics,1,24999,8,Credit Card,Delivered,4.8
1042,2026-03-02,C002,Priya,Hyderabad,P105,Smart Watch,Electronics,2,3999,10,UPI,Delivered,4.5
1043,2026-03-03,C003,Arjun,Chennai,P108,Office Chair,Furniture,1,6999,15,Debit Card,Delivered,4.4
1044,2026-03-04,C004,Sneha,Mumbai,P106,Running Shoes,Footwear,1,2999,10,UPI,Delivered,4.3
1045,2026-03-05,C005,Vikram,Delhi,P103,Mechanical Keyboard,Electronics,1,2499,5,Credit Card,Delivered,4.6
1046,2026-03-06,C006,Ananya,Pune,P110,Cotton T-Shirt,Clothing,4,699,5,UPI,Delivered,4.0
1047,2026-03-07,C007,Kiran,Bengaluru,P102,Bluetooth Headphones,Electronics,1,1499,8,Debit Card,Delivered,4.2
1048,2026-03-08,C008,Meena,Kolkata,P101,Wireless Mouse,Electronics,2,799,5,Cash,Delivered,4.3
1049,2026-03-09,C009,Rohit,Chennai,P116,Power Bank,Electronics,1,1299,5,UPI,Delivered,4.1
1050,2026-03-10,C010,Kavya,Hyderabad,P114,Coffee Maker,Home & Kitchen,1,2999,10,Credit Card,Delivered,4.5
